phoenix,
mermaid,
valhalla,
werewolf,
rakshasa,
jackalope,
alchemist,
leviathan,
excalibur,
aphrodite,
basilisk,
valkyrie,
manticore,
leprechaun,
hephaestus,
changeling,
elementalist,
necromancer,
enchantress,
quetzalcoatl,
phoenix,
mermaid,
valhalla,
werewolf,
rakshasa,
jackalope,
alchemist,
leviathan,
excalibur,
aphrodite,
basilisk,
valkyrie,
manticore,
leprechaun,
hephaestus,
changeling,
elementalist,
necromancer,
enchantress,
quetzalcoatl,
phoenix,
mermaid,
valhalla,
werewolf,
rakshasa,
jackalope,
alchemist,
leviathan,
excalibur,
aphrodite,
basilisk,
valkyrie,
manticore,
leprechaun,
hephaestus,
changeling,
elementalist,
necromancer,
enchantress,
quetzalcoatl,