accountant, actor, actress, administrator, advisor, agent, analyst, architect, artist, assistant,
baker, banker, barista, bartender, biologist, bookkeeper, broker, builder, butcher, carpenter,
cashier, chef, chemist, clerk, coach, collector, composer, consultant, contractor, coordinator,
counselor, curator, dancer, dentist, designer, developer, director, dispatcher, doctor, driver,
editor, electrician, engineer, examiner, farmer, firefighter, florist, geologist, guard, guide,
hairdresser, inspector, instructor, janitor, jeweler, judge, lawyer, librarian, lifeguard, manager,
mechanic, mediator, miner, model, musician, nurse, nutritionist, officer, operator, optician,
painter, paramedic, pharmacist, photographer, pilot, planner, plumber, policeman, policewoman, porter,
principal, producer, professor, programmer, psychologist, receptionist, researcher, sailor, salesclerk, scientist,
secretary, security, singer, social worker, soldier, solicitor, specialist, statistician, surgeon, tailor,
teacher, technician, therapist, tour guide, trainer, translator, travel agent, truck driver, tutor, umpire,
underwriter, veterinarian, waiter, waitress, welder, writer, accountant, actor, actress, administrator, advisor,
agent, analyst, architect, artist, assistant, baker, banker, barista, bartender, biologist, bookkeeper,
broker, builder, butcher, carpenter, cashier, chef, chemist, clerk, coach, collector, composer,
consultant, contractor, coordinator, counselor, curator, dancer, dentist, designer, developer, director,
dispatcher, doctor, driver, editor, electrician, engineer, examiner, farmer, firefighter, florist
